motif,good_count,good_support,bad_count,bad_support,manual_count,manual_support,good_minus_bad,bad_minus_good,shared_strength,manual_alignment,group
proxy:orbit_or_seal_field,229,0.4225092250922509,1001,0.2528416266734024,6,0.046875,0.16966759841884854,-0.16966759841884854,0.2528416266734024,0.046875,good_enriched
capacity:Sb1_CC1_C1,108,0.1992619926199262,426,0.10760293003283658,5,0.0390625,0.09165906258708961,-0.09165906258708961,0.10760293003283658,0.0390625,good_enriched
orient:axisb0_diagb3_curveb3,225,0.4151291512915129,1343,0.33922707754483455,9,0.0703125,0.07590207374667834,-0.07590207374667834,0.33922707754483455,0.0703125,good_enriched
proxy:nested_or_multi_cycle,114,0.21033210332103322,541,0.13665066936094974,3,0.0234375,0.07368143396008348,-0.07368143396008348,0.13665066936094974,0.0234375,good_enriched
capacity:Sb1_CC1_C2,66,0.12177121771217712,193,0.04874968426370296,1,0.0078125,0.07302153344847417,-0.07302153344847417,0.04874968426370296,0.0078125,good_enriched
role:maxD5_B4_portb4,106,0.19557195571955718,504,0.12730487496842638,0,0.0,0.0682670807511308,-0.0682670807511308,0.12730487496842638,0.0,good_enriched
orient:axisb1_diagb2_curveb3,109,0.2011070110701107,543,0.13715584743622128,5,0.0390625,0.06395116363388942,-0.06395116363388942,0.13715584743622128,0.0390625,good_enriched
role:maxD4_B4_portb4,86,0.15867158671586715,402,0.10154079312957817,1,0.0078125,0.057130793586288975,-0.057130793586288975,0.10154079312957817,0.0078125,good_enriched
proxy:vertical_spine_branching,98,0.18081180811808117,495,0.12503157362970446,9,0.0703125,0.05578023448837671,-0.05578023448837671,0.12503157362970446,0.0703125,good_enriched
relhist:E4_T0_X1_C2,42,0.07749077490774908,97,0.024501136650669362,0,0.0,0.052989638257079724,-0.052989638257079724,0.024501136650669362,0.0,good_enriched
field:spineb1_enclb3_interb1,42,0.07749077490774908,105,0.026521848951755495,2,0.015625,0.05096892595599359,-0.05096892595599359,0.026521848951755495,0.015625,good_enriched
relhist:E4_T0_X1_C1,50,0.09225092250922509,166,0.041929780247537254,1,0.0078125,0.05032114226168784,-0.05032114226168784,0.041929780247537254,0.0078125,good_enriched
relhist:E4_T0_X1_C0,40,0.07380073800738007,102,0.025764081838848193,0,0.0,0.04803665616853188,-0.04803665616853188,0.025764081838848193,0.0,good_enriched
field:spineb1_enclb0_interb1,42,0.07749077490774908,121,0.03056327355392776,17,0.1328125,0.04692750135382132,-0.04692750135382132,0.03056327355392776,0.1328125,good_enriched
capacity:Sb0_CC1_C0,62,0.11439114391143912,289,0.07299823187673656,92,0.71875,0.041392912034702564,-0.041392912034702564,0.07299823187673656,0.71875,good_enriched
field:spineb0_enclb0_interb1,51,0.0940959409594096,218,0.05506441020459712,5,0.0390625,0.03903153075481248,-0.03903153075481248,0.05506441020459712,0.0390625,good_enriched
proxy:interlocked_ports,44,0.08118081180811808,181,0.04571861581207375,7,0.0546875,0.035462195996044325,-0.035462195996044325,0.04571861581207375,0.0546875,good_enriched
role:maxD2_B0_portb0,28,0.05166051660516605,75,0.018944177822682495,4,0.03125,0.03271633878248356,-0.03271633878248356,0.018944177822682495,0.03125,good_enriched
orient:axisb3_diagb0_curveb0,29,0.05350553505535055,84,0.021217479161404394,10,0.078125,0.032288055893946156,-0.032288055893946156,0.021217479161404394,0.078125,good_enriched
field:spineb1_enclb2_interb1,27,0.04981549815498155,71,0.01793382167213943,1,0.0078125,0.03188167648284212,-0.03188167648284212,0.01793382167213943,0.0078125,good_enriched
capacity:Sb1_CC1_C0,68,0.12546125461254612,380,0.09598383430159131,13,0.1015625,0.029477420310954808,-0.029477420310954808,0.09598383430159131,0.1015625,good_enriched
relhist:E2_T0_X1_C0,23,0.042435424354243544,60,0.015155342258145996,0,0.0,0.027280082096097547,-0.027280082096097547,0.015155342258145996,0.0,good_enriched
role:maxD3_B1_portb2,22,0.04059040590405904,55,0.013892397069967163,2,0.015625,0.026698008834091874,-0.026698008834091874,0.013892397069967163,0.015625,good_enriched
role:maxD3_B3_portb4,30,0.055350553505535055,120,0.030310684516291993,1,0.0078125,0.025039868989243062,-0.025039868989243062,0.030310684516291993,0.0078125,good_enriched
proxy:ring_core_spine_ports,28,0.05166051660516605,119,0.030058095478656226,6,0.046875,0.021602421126509827,-0.021602421126509827,0.030058095478656226,0.046875,good_enriched
field:spineb0_enclb0_interb2,16,0.02952029520295203,33,0.008335438241980297,2,0.015625,0.02118485696097173,-0.02118485696097173,0.008335438241980297,0.015625,good_enriched
role:maxD3_B1_portb1,14,0.025830258302583026,25,0.006314725940894165,1,0.0078125,0.01951553236168886,-0.01951553236168886,0.006314725940894165,0.0078125,good_enriched
relhist:E4_T1_X1_C0,10,0.01845018450184502,7,0.0017681232634503663,0,0.0,0.016682061238394653,-0.016682061238394653,0.0017681232634503663,0.0,good_enriched
field:spineb1_enclb0_interb2,13,0.023985239852398525,30,0.007577671129072998,1,0.0078125,0.01640756872332553,-0.01640756872332553,0.007577671129072998,0.0078125,good_enriched
capacity:Sb1_CC1_C3,12,0.02214022140221402,26,0.006567314978529932,0,0.0,0.015572906423684089,-0.015572906423684089,0.006567314978529932,0.0,good_enriched
proxy:multi_component_or_floating,145,0.26752767527675275,2007,0.5069461985349836,4,0.03125,-0.23941852325823082,0.23941852325823082,0.26752767527675275,0.03125,bad_enriched
field:spineb0_enclb0_interb0,53,0.09778597785977859,1014,0.25612528416266733,19,0.1484375,-0.15833930630288873,0.15833930630288873,0.09778597785977859,0.1484375,bad_enriched
relhist:E4_T0_X0_C0,48,0.08856088560885608,791,0.1997979287698914,16,0.125,-0.1112370431610353,0.1112370431610353,0.08856088560885608,0.125,bad_enriched
role:maxD2_B0_portb2,39,0.07195571955719557,668,0.16872947714069209,24,0.1875,-0.09677375758349652,0.09677375758349652,0.07195571955719557,0.1875,bad_enriched
orient:axisb0_diagb3_curveb0,44,0.08118081180811808,631,0.15938368274816872,4,0.03125,-0.07820287094005064,0.07820287094005064,0.08118081180811808,0.03125,bad_enriched
field:spineb1_enclb0_interb0,39,0.07195571955719557,534,0.13488254609749936,23,0.1796875,-0.06292682654030379,0.06292682654030379,0.07195571955719557,0.1796875,bad_enriched
role:maxD2_B0_portb3,9,0.016605166051660517,295,0.07451376610255114,2,0.015625,-0.05790860005089063,0.05790860005089063,0.016605166051660517,0.015625,bad_enriched
role:maxD1_B0_portb0,5,0.00922509225092251,256,0.06466279363475626,23,0.1796875,-0.05543770138383375,0.05543770138383375,0.00922509225092251,0.1796875,bad_enriched
capacity:Sb0_CC3_C0,0,0.0,212,0.05354887597878252,0,0.0,-0.05354887597878252,0.05354887597878252,0.0,0.0,bad_enriched
relhist:E2_T0_X0_C0,7,0.012915129151291513,250,0.06314725940894166,22,0.171875,-0.050232130257650144,0.050232130257650144,0.012915129151291513,0.171875,bad_enriched
relhist:E4_T0_X0_C1,84,0.15498154981549817,798,0.20156605203334174,6,0.046875,-0.046584502217843576,0.046584502217843576,0.15498154981549817,0.046875,bad_enriched
relhist:E1_T0_X0_C0,2,0.0036900369003690036,198,0.050012629451881785,19,0.1484375,-0.04632259255151278,0.04632259255151278,0.0036900369003690036,0.1484375,bad_enriched
capacity:Sb0_CC2_C0,13,0.023985239852398525,271,0.06845162919929275,4,0.03125,-0.044466389346894224,0.044466389346894224,0.023985239852398525,0.03125,bad_enriched
orient:axisb0_diagb2_curveb0,3,0.005535055350553505,155,0.039151300833543824,0,0.0,-0.03361624548299032,0.03361624548299032,0.005535055350553505,0.0,bad_enriched
relhist:E3_T0_X0_C0,16,0.02952029520295203,245,0.06188431422076282,8,0.0625,-0.03236401901781079,0.03236401901781079,0.02952029520295203,0.0625,bad_enriched
field:spineb0_enclb2_interb0,22,0.04059040590405904,283,0.07148269765092195,0,0.0,-0.030892291746862914,0.030892291746862914,0.04059040590405904,0.0,bad_enriched
capacity:Sb1_CC3_C0,19,0.03505535055350553,257,0.06491538267239202,0,0.0,-0.029860032118886493,0.029860032118886493,0.03505535055350553,0.0,bad_enriched
role:maxD1_B0_portb1,5,0.00922509225092251,153,0.03864612275827229,1,0.0078125,-0.02942103050734978,0.02942103050734978,0.00922509225092251,0.0078125,bad_enriched
capacity:Sb1_CC2_C1,23,0.042435424354243544,280,0.07072493053801465,0,0.0,-0.02828950618377111,0.02828950618377111,0.042435424354243544,0.0,bad_enriched
orient:axisb1_diagb2_curveb0,25,0.046125461254612546,283,0.07148269765092195,4,0.03125,-0.025357236396309407,0.025357236396309407,0.046125461254612546,0.03125,bad_enriched
proxy:axis_skeleton_with_curve_residual,15,0.027675276752767528,206,0.05203334175296792,47,0.3671875,-0.024358065000200393,0.024358065000200393,0.027675276752767528,0.3671875,bad_enriched
relhist:E3_T0_X0_C1,0,0.0,90,0.022733013387218996,0,0.0,-0.022733013387218996,0.022733013387218996,0.0,0.0,bad_enriched
relhist:E4_T0_X0_C2,6,0.01107011070110701,115,0.02904773932811316,0,0.0,-0.01797762862700615,0.01797762862700615,0.01107011070110701,0.0,bad_enriched
role:maxD2_B0_portb4,0,0.0,71,0.01793382167213943,0,0.0,-0.01793382167213943,0.01793382167213943,0.0,0.0,bad_enriched
role:maxD3_B2_portb4,21,0.03874538745387454,222,0.056074766355140186,0,0.0,-0.017329378901265645,0.017329378901265645,0.03874538745387454,0.0,bad_enriched
capacity:Sb1_CC2_C0,47,0.08671586715867159,411,0.10381409446830007,0,0.0,-0.017098227309628483,0.017098227309628483,0.08671586715867159,0.0,bad_enriched
field:spineb0_enclb3_interb0,9,0.016605166051660517,132,0.03334175296792119,1,0.0078125,-0.016736586916260673,0.016736586916260673,0.016605166051660517,0.0078125,bad_enriched
capacity:Sb0_CC1_C1,19,0.03505535055350553,205,0.051780752715332154,11,0.0859375,-0.016725402161826622,0.016725402161826622,0.03505535055350553,0.0859375,bad_enriched
role:maxD0_B0_portb0,0,0.0,55,0.013892397069967163,2,0.015625,-0.013892397069967163,0.013892397069967163,0.0,0.015625,bad_enriched
relhist:E0_T0_X0_C0,0,0.0,55,0.013892397069967163,2,0.015625,-0.013892397069967163,0.013892397069967163,0.0,0.015625,bad_enriched
orient:axisb0_diagb3_curveb3,225,0.4151291512915129,1343,0.33922707754483455,9,0.0703125,0.07590207374667834,-0.07590207374667834,0.33922707754483455,0.0703125,shared
proxy:multi_component_or_floating,145,0.26752767527675275,2007,0.5069461985349836,4,0.03125,-0.23941852325823082,0.23941852325823082,0.26752767527675275,0.03125,shared
proxy:orbit_or_seal_field,229,0.4225092250922509,1001,0.2528416266734024,6,0.046875,0.16966759841884854,-0.16966759841884854,0.2528416266734024,0.046875,shared
relhist:E4_T0_X0_C1,84,0.15498154981549817,798,0.20156605203334174,6,0.046875,-0.046584502217843576,0.046584502217843576,0.15498154981549817,0.046875,shared
orient:axisb1_diagb2_curveb3,109,0.2011070110701107,543,0.13715584743622128,5,0.0390625,0.06395116363388942,-0.06395116363388942,0.13715584743622128,0.0390625,shared
proxy:nested_or_multi_cycle,114,0.21033210332103322,541,0.13665066936094974,3,0.0234375,0.07368143396008348,-0.07368143396008348,0.13665066936094974,0.0234375,shared
role:maxD5_B4_portb4,106,0.19557195571955718,504,0.12730487496842638,0,0.0,0.0682670807511308,-0.0682670807511308,0.12730487496842638,0.0,shared
proxy:vertical_spine_branching,98,0.18081180811808117,495,0.12503157362970446,9,0.0703125,0.05578023448837671,-0.05578023448837671,0.12503157362970446,0.0703125,shared
capacity:Sb1_CC1_C1,108,0.1992619926199262,426,0.10760293003283658,5,0.0390625,0.09165906258708961,-0.09165906258708961,0.10760293003283658,0.0390625,shared
role:maxD4_B4_portb4,86,0.15867158671586715,402,0.10154079312957817,1,0.0078125,0.057130793586288975,-0.057130793586288975,0.10154079312957817,0.0078125,shared
field:spineb0_enclb0_interb0,53,0.09778597785977859,1014,0.25612528416266733,19,0.1484375,-0.15833930630288873,0.15833930630288873,0.09778597785977859,0.1484375,shared
capacity:Sb1_CC1_C0,68,0.12546125461254612,380,0.09598383430159131,13,0.1015625,0.029477420310954808,-0.029477420310954808,0.09598383430159131,0.1015625,shared
relhist:E4_T0_X0_C0,48,0.08856088560885608,791,0.1997979287698914,16,0.125,-0.1112370431610353,0.1112370431610353,0.08856088560885608,0.125,shared
capacity:Sb1_CC2_C0,47,0.08671586715867159,411,0.10381409446830007,0,0.0,-0.017098227309628483,0.017098227309628483,0.08671586715867159,0.0,shared
orient:axisb0_diagb3_curveb0,44,0.08118081180811808,631,0.15938368274816872,4,0.03125,-0.07820287094005064,0.07820287094005064,0.08118081180811808,0.03125,shared
orient:axisb0_diagb2_curveb3,45,0.08302583025830258,309,0.07805001262945188,4,0.03125,0.004975817628850701,-0.004975817628850701,0.07805001262945188,0.03125,shared
capacity:Sb0_CC1_C0,62,0.11439114391143912,289,0.07299823187673656,92,0.71875,0.041392912034702564,-0.041392912034702564,0.07299823187673656,0.71875,shared
role:maxD2_B0_portb2,39,0.07195571955719557,668,0.16872947714069209,24,0.1875,-0.09677375758349652,0.09677375758349652,0.07195571955719557,0.1875,shared
field:spineb1_enclb0_interb0,39,0.07195571955719557,534,0.13488254609749936,23,0.1796875,-0.06292682654030379,0.06292682654030379,0.07195571955719557,0.1796875,shared
field:spineb1_enclb2_interb0,39,0.07195571955719557,280,0.07072493053801465,3,0.0234375,0.0012307890191809168,-0.0012307890191809168,0.07072493053801465,0.0234375,shared
field:spineb0_enclb0_interb1,51,0.0940959409594096,218,0.05506441020459712,5,0.0390625,0.03903153075481248,-0.03903153075481248,0.05506441020459712,0.0390625,shared
role:maxD2_B0_portb1,32,0.05904059040590406,213,0.05380146501641829,56,0.4375,0.005239125389485767,-0.005239125389485767,0.05380146501641829,0.4375,shared
field:spineb1_enclb3_interb0,27,0.04981549815498155,217,0.05481182116696135,1,0.0078125,-0.004996323011979803,0.004996323011979803,0.04981549815498155,0.0078125,shared
capacity:Sb1_CC1_C2,66,0.12177121771217712,193,0.04874968426370296,1,0.0078125,0.07302153344847417,-0.07302153344847417,0.04874968426370296,0.0078125,shared
orient:axisb1_diagb2_curveb0,25,0.046125461254612546,283,0.07148269765092195,4,0.03125,-0.025357236396309407,0.025357236396309407,0.046125461254612546,0.03125,shared
proxy:interlocked_ports,44,0.08118081180811808,181,0.04571861581207375,7,0.0546875,0.035462195996044325,-0.035462195996044325,0.04571861581207375,0.0546875,shared
capacity:Sb1_CC2_C1,23,0.042435424354243544,280,0.07072493053801465,0,0.0,-0.02828950618377111,0.02828950618377111,0.042435424354243544,0.0,shared
relhist:E4_T0_X1_C1,50,0.09225092250922509,166,0.041929780247537254,1,0.0078125,0.05032114226168784,-0.05032114226168784,0.041929780247537254,0.0078125,shared
orient:axisb1_diagb1_curveb3,27,0.04981549815498155,164,0.04142460217226572,6,0.046875,0.008390895982715828,-0.008390895982715828,0.04142460217226572,0.046875,shared
role:maxD4_B3_portb4,30,0.055350553505535055,162,0.04091942409699419,1,0.0078125,0.014431129408540862,-0.014431129408540862,0.04091942409699419,0.0078125,shared
capacity:Sb0_CC1_C0,62,0.11439114391143912,289,0.07299823187673656,92,0.71875,0.041392912034702564,-0.041392912034702564,0.07299823187673656,0.71875,manual_aligned
role:maxD2_B0_portb1,32,0.05904059040590406,213,0.05380146501641829,56,0.4375,0.005239125389485767,-0.005239125389485767,0.05380146501641829,0.4375,manual_aligned
proxy:axis_skeleton_with_curve_residual,15,0.027675276752767528,206,0.05203334175296792,47,0.3671875,-0.024358065000200393,0.024358065000200393,0.027675276752767528,0.3671875,manual_aligned
role:maxD2_B0_portb2,39,0.07195571955719557,668,0.16872947714069209,24,0.1875,-0.09677375758349652,0.09677375758349652,0.07195571955719557,0.1875,manual_aligned
field:spineb1_enclb0_interb0,39,0.07195571955719557,534,0.13488254609749936,23,0.1796875,-0.06292682654030379,0.06292682654030379,0.07195571955719557,0.1796875,manual_aligned
role:maxD1_B0_portb0,5,0.00922509225092251,256,0.06466279363475626,23,0.1796875,-0.05543770138383375,0.05543770138383375,0.00922509225092251,0.1796875,manual_aligned
relhist:E2_T0_X0_C0,7,0.012915129151291513,250,0.06314725940894166,22,0.171875,-0.050232130257650144,0.050232130257650144,0.012915129151291513,0.171875,manual_aligned
relhist:E1_T1_X0_C0,1,0.0018450184501845018,15,0.003788835564536499,21,0.1640625,-0.0019438171143519973,0.0019438171143519973,0.0018450184501845018,0.1640625,manual_aligned
field:spineb2_enclb0_interb0,4,0.007380073800738007,69,0.017428643596867896,20,0.15625,-0.010048569796129888,0.010048569796129888,0.007380073800738007,0.15625,manual_aligned
field:spineb0_enclb0_interb0,53,0.09778597785977859,1014,0.25612528416266733,19,0.1484375,-0.15833930630288873,0.15833930630288873,0.09778597785977859,0.1484375,manual_aligned
relhist:E1_T0_X0_C0,2,0.0036900369003690036,198,0.050012629451881785,19,0.1484375,-0.04632259255151278,0.04632259255151278,0.0036900369003690036,0.1484375,manual_aligned
field:spineb1_enclb0_interb1,42,0.07749077490774908,121,0.03056327355392776,17,0.1328125,0.04692750135382132,-0.04692750135382132,0.03056327355392776,0.1328125,manual_aligned
relhist:E4_T0_X0_C0,48,0.08856088560885608,791,0.1997979287698914,16,0.125,-0.1112370431610353,0.1112370431610353,0.08856088560885608,0.125,manual_aligned
orient:axisb1_diagb1_curveb2,1,0.0018450184501845018,2,0.0005051780752715333,14,0.109375,0.0013398403749129684,-0.0013398403749129684,0.0005051780752715333,0.109375,manual_aligned
capacity:Sb1_CC1_C0,68,0.12546125461254612,380,0.09598383430159131,13,0.1015625,0.029477420310954808,-0.029477420310954808,0.09598383430159131,0.1015625,manual_aligned
capacity:Sb0_CC1_C1,19,0.03505535055350553,205,0.051780752715332154,11,0.0859375,-0.016725402161826622,0.016725402161826622,0.03505535055350553,0.0859375,manual_aligned
orient:axisb2_diagb1_curveb1,1,0.0018450184501845018,4,0.0010103561505430665,11,0.0859375,0.0008346622996414353,-0.0008346622996414353,0.0010103561505430665,0.0859375,manual_aligned
orient:axisb3_diagb0_curveb0,29,0.05350553505535055,84,0.021217479161404394,10,0.078125,0.032288055893946156,-0.032288055893946156,0.021217479161404394,0.078125,manual_aligned
relhist:E2_T1_X0_C0,2,0.0036900369003690036,12,0.0030310684516291994,10,0.078125,0.0006589684487398042,-0.0006589684487398042,0.0030310684516291994,0.078125,manual_aligned
orient:axisb3_diagb0_curveb1,0,0.0,2,0.0005051780752715333,10,0.078125,-0.0005051780752715333,0.0005051780752715333,0.0,0.078125,manual_aligned
orient:axisb0_diagb3_curveb3,225,0.4151291512915129,1343,0.33922707754483455,9,0.0703125,0.07590207374667834,-0.07590207374667834,0.33922707754483455,0.0703125,manual_aligned
proxy:vertical_spine_branching,98,0.18081180811808117,495,0.12503157362970446,9,0.0703125,0.05578023448837671,-0.05578023448837671,0.12503157362970446,0.0703125,manual_aligned
orient:axisb1_diagb2_curveb2,0,0.0,3,0.0007577671129072998,9,0.0703125,-0.0007577671129072998,0.0007577671129072998,0.0,0.0703125,manual_aligned
relhist:E3_T0_X0_C0,16,0.02952029520295203,245,0.06188431422076282,8,0.0625,-0.03236401901781079,0.03236401901781079,0.02952029520295203,0.0625,manual_aligned
proxy:interlocked_ports,44,0.08118081180811808,181,0.04571861581207375,7,0.0546875,0.035462195996044325,-0.035462195996044325,0.04571861581207375,0.0546875,manual_aligned
field:spineb2_enclb0_interb1,8,0.014760147601476014,11,0.0027784794139934328,7,0.0546875,0.011981668187482582,-0.011981668187482582,0.0027784794139934328,0.0546875,manual_aligned
proxy:orbit_or_seal_field,229,0.4225092250922509,1001,0.2528416266734024,6,0.046875,0.16966759841884854,-0.16966759841884854,0.2528416266734024,0.046875,manual_aligned
relhist:E4_T0_X0_C1,84,0.15498154981549817,798,0.20156605203334174,6,0.046875,-0.046584502217843576,0.046584502217843576,0.15498154981549817,0.046875,manual_aligned
role:maxD3_B1_portb3,29,0.05350553505535055,151,0.038140944683000756,6,0.046875,0.015364590372349794,-0.015364590372349794,0.038140944683000756,0.046875,manual_aligned
proxy:ring_core_spine_ports,28,0.05166051660516605,119,0.030058095478656226,6,0.046875,0.021602421126509827,-0.021602421126509827,0.030058095478656226,0.046875,manual_aligned
