score,rule_name,role,rule_family,ingredient_labels,predicates,good_hits,bad_hits,cleaned_hits,manual_hits,good_support,bad_support,cleaned_support,manual_support,precision_vs_bad_support,lift_good_vs_bad,bad_support_note,generality_score,non_triviality_score,diversity_bonus,generation_hint,orthogonality,candidate_features,nearest_old_rule_by_token,max_old_token_jaccard,nearest_old_rule_by_coverage,max_old_coverage_jaccard,write_to_rule_cache,review_note
0.5390583216518654,motif:proxy:orbit_or_seal_field AND min_length>=46.5802 AND NOT_bad_trivial_e2e_chain,strict_contextual_independent_rule,strict_ingredient_plus_quality_plus_bad_avoid,orbit_seal,"[{'name': 'motif:proxy:orbit_or_seal_field', 'feature': 'motif:proxy:orbit_or_seal_field', 'op': 'has', 'value': True, 'kind': 'strict_positive_ingredient'}, {'name': 'min_length>=46.5802', 'feature': 'min_length', 'op': '>=', 'value': 46.580154, 'kind': 'quality_context'}, {'name': 'NOT_bad_trivial_e2e_chain', 'feature': 'bad_subtype:bad_trivial_e2e_chain', 'op': 'not', 'value': True, 'kind': 'bad_avoid_context'}]",189,634,170,6,0.34870848708487084,0.16014144986107604,0.46703296703296704,0.046875,0.22964763061968407,2.1775029900745575,allowed but penalized; this rule is valid only with listed context/avoid constraints,0.911369926199262,0.86,1.0,production: sample_topology_motif(); bind_typed_ports(); apply_nonmechanical_geometry_mutation(),1.0,"['bad_subtype:bad_trivial_e2e_chain', 'min_length', 'motif:proxy:orbit_or_seal_field']",,0.0,,0.0,False,V4 strict candidate; convert accepted rule to typed-port graph grammar production after human review
0.5383389250092369,motif:proxy:orbit_or_seal_field AND min_length>=46.5802 AND NOT_bad_floating_or_multicomponent,strict_contextual_independent_rule,strict_ingredient_plus_quality_plus_bad_avoid,orbit_seal,"[{'name': 'motif:proxy:orbit_or_seal_field', 'feature': 'motif:proxy:orbit_or_seal_field', 'op': 'has', 'value': True, 'kind': 'strict_positive_ingredient'}, {'name': 'min_length>=46.5802', 'feature': 'min_length', 'op': '>=', 'value': 46.580154, 'kind': 'quality_context'}, {'name': 'NOT_bad_floating_or_multicomponent', 'feature': 'bad_subtype:bad_floating_or_multicomponent', 'op': 'not', 'value': True, 'kind': 'bad_avoid_context'}]",188,610,146,6,0.34686346863468637,0.15407931295781763,0.4010989010989011,0.046875,0.23558897243107768,2.2512007661823272,allowed but penalized; this rule is valid only with listed context/avoid constraints,0.9097555350553506,0.86,1.0,production: sample_topology_motif(); bind_typed_ports(); apply_nonmechanical_geometry_mutation(),1.0,"['bad_subtype:bad_floating_or_multicomponent', 'min_length', 'motif:proxy:orbit_or_seal_field']",,0.0,,0.0,False,V4 strict candidate; convert accepted rule to typed-port graph grammar production after human review
0.5333036925229362,motif:proxy:orbit_or_seal_field AND min_length>=46.5802 AND NOT_bad_unbalanced_multicomponent,strict_contextual_independent_rule,strict_ingredient_plus_quality_plus_bad_avoid,orbit_seal,"[{'name': 'motif:proxy:orbit_or_seal_field', 'feature': 'motif:proxy:orbit_or_seal_field', 'op': 'has', 'value': True, 'kind': 'strict_positive_ingredient'}, {'name': 'min_length>=46.5802', 'feature': 'min_length', 'op': '>=', 'value': 46.580154, 'kind': 'quality_context'}, {'name': 'NOT_bad_unbalanced_multicomponent', 'feature': 'bad_subtype:bad_unbalanced_multicomponent', 'op': 'not', 'value': True, 'kind': 'bad_avoid_context'}]",196,706,170,6,0.36162361623616235,0.17832786057085123,0.46703296703296704,0.046875,0.21729490022172948,2.0278582048295695,allowed but penalized; this rule is valid only with listed context/avoid constraints,0.922670664206642,0.86,1.0,production: sample_topology_motif(); bind_typed_ports(); apply_nonmechanical_geometry_mutation(),1.0,"['bad_subtype:bad_unbalanced_multicomponent', 'min_length', 'motif:proxy:orbit_or_seal_field']",,0.0,,0.0,False,V4 strict candidate; convert accepted rule to typed-port graph grammar production after human review
0.5321537925046875,motif:proxy:orbit_or_seal_field AND min_length>=46.5802 AND NOT_bad_low_context_cycle,strict_contextual_independent_rule,strict_ingredient_plus_quality_plus_bad_avoid,orbit_seal,"[{'name': 'motif:proxy:orbit_or_seal_field', 'feature': 'motif:proxy:orbit_or_seal_field', 'op': 'has', 'value': True, 'kind': 'strict_positive_ingredient'}, {'name': 'min_length>=46.5802', 'feature': 'min_length', 'op': '>=', 'value': 46.580154, 'kind': 'quality_context'}, {'name': 'NOT_bad_low_context_cycle', 'feature': 'bad_subtype:bad_low_context_cycle', 'op': 'not', 'value': True, 'kind': 'bad_avoid_context'}]",196,713,170,6,0.36162361623616235,0.1800959838343016,0.46703296703296704,0.046875,0.2156215621562156,2.0079493586093906,allowed but penalized; this rule is valid only with listed context/avoid constraints,0.922670664206642,0.86,1.0,production: sample_topology_motif(); bind_typed_ports(); apply_nonmechanical_geometry_mutation(),1.0,"['bad_subtype:bad_low_context_cycle', 'min_length', 'motif:proxy:orbit_or_seal_field']",,0.0,,0.0,False,V4 strict candidate; convert accepted rule to typed-port graph grammar production after human review
0.5321537925046875,motif:proxy:orbit_or_seal_field AND min_length>=46.5802 AND NOT_bad_no_structural_field,strict_contextual_independent_rule,strict_ingredient_plus_quality_plus_bad_avoid,orbit_seal,"[{'name': 'motif:proxy:orbit_or_seal_field', 'feature': 'motif:proxy:orbit_or_seal_field', 'op': 'has', 'value': True, 'kind': 'strict_positive_ingredient'}, {'name': 'min_length>=46.5802', 'feature': 'min_length', 'op': '>=', 'value': 46.580154, 'kind': 'quality_context'}, {'name': 'NOT_bad_no_structural_field', 'feature': 'bad_subtype:bad_no_structural_field', 'op': 'not', 'value': True, 'kind': 'bad_avoid_context'}]",196,713,170,6,0.36162361623616235,0.1800959838343016,0.46703296703296704,0.046875,0.2156215621562156,2.0079493586093906,allowed but penalized; this rule is valid only with listed context/avoid constraints,0.922670664206642,0.86,1.0,production: sample_topology_motif(); bind_typed_ports(); apply_nonmechanical_geometry_mutation(),1.0,"['bad_subtype:bad_no_structural_field', 'min_length', 'motif:proxy:orbit_or_seal_field']",,0.0,,0.0,False,V4 strict candidate; convert accepted rule to typed-port graph grammar production after human review
0.5315938666205897,motif:proxy:orbit_or_seal_field AND min_length>=46.5802 AND NOT_bad_overdense_cross_fragment,strict_contextual_independent_rule,strict_ingredient_plus_quality_plus_bad_avoid,orbit_seal,"[{'name': 'motif:proxy:orbit_or_seal_field', 'feature': 'motif:proxy:orbit_or_seal_field', 'op': 'has', 'value': True, 'kind': 'strict_positive_ingredient'}, {'name': 'min_length>=46.5802', 'feature': 'min_length', 'op': '>=', 'value': 46.580154, 'kind': 'quality_context'}, {'name': 'NOT_bad_overdense_cross_fragment', 'feature': 'bad_subtype:bad_overdense_cross_fragment', 'op': 'not', 'value': True, 'kind': 'bad_avoid_context'}]",193,695,165,6,0.35608856088560886,0.17554938115685778,0.4532967032967033,0.046875,0.21734234234234234,2.028423897085749,allowed but penalized; this rule is valid only with listed context/avoid constraints,0.9178274907749078,0.86,1.0,production: sample_topology_motif(); bind_typed_ports(); apply_nonmechanical_geometry_mutation(),1.0,"['bad_subtype:bad_overdense_cross_fragment', 'min_length', 'motif:proxy:orbit_or_seal_field']",,0.0,,0.0,False,V4 strict candidate; convert accepted rule to typed-port graph grammar production after human review
0.5301582317270883,motif:proxy:orbit_or_seal_field AND connected_components<=1 AND NOT_bad_trivial_e2e_chain,strict_contextual_independent_rule,strict_ingredient_plus_quality_plus_bad_avoid,orbit_seal,"[{'name': 'motif:proxy:orbit_or_seal_field', 'feature': 'motif:proxy:orbit_or_seal_field', 'op': 'has', 'value': True, 'kind': 'strict_positive_ingredient'}, {'name': 'connected_components<=1', 'feature': 'connected_components', 'op': '<=', 'value': 1.0, 'kind': 'quality_context'}, {'name': 'NOT_bad_trivial_e2e_chain', 'feature': 'bad_subtype:bad_trivial_e2e_chain', 'op': 'not', 'value': True, 'kind': 'bad_avoid_context'}]",209,789,162,6,0.3856088560885609,0.19929275069461985,0.44505494505494503,0.046875,0.2094188376753507,1.9348865114745208,allowed but penalized; this rule is valid only with listed context/avoid constraints,0.9436577490774908,0.86,1.0,production: sample_topology_motif(); bind_typed_ports(); apply_nonmechanical_geometry_mutation(),1.0,"['bad_subtype:bad_trivial_e2e_chain', 'connected_components', 'motif:proxy:orbit_or_seal_field']",,0.0,,0.0,False,V4 strict candidate; convert accepted rule to typed-port graph grammar production after human review
0.5282511506479853,motif:proxy:orbit_or_seal_field AND X_count>=1 AND stroke_count<=7,strict_contextual_independent_rule,strict_ingredient_plus_structural_context_plus_quality,orbit_seal,"[{'name': 'motif:proxy:orbit_or_seal_field', 'feature': 'motif:proxy:orbit_or_seal_field', 'op': 'has', 'value': True, 'kind': 'strict_positive_ingredient'}, {'name': 'X_count>=1', 'feature': 'X_count', 'op': '>=', 'value': 1.0, 'kind': 'structural_context'}, {'name': 'stroke_count<=7', 'feature': 'stroke_count', 'op': '<=', 'value': 7.0, 'kind': 'quality_context'}]",132,276,103,0,0.24354243542435425,0.06971457438747158,0.28296703296703296,0.0,0.3235294117647059,3.4934220723679728,allowed but penalized; this rule is valid only with listed context/avoid constraints,0.81934963099631,0.74,1.0,production: sample_topology_motif(); bind_typed_ports(); apply_nonmechanical_geometry_mutation(),1.0,"['X_count', 'motif:proxy:orbit_or_seal_field', 'stroke_count']",,0.0,,0.0,False,V4 strict candidate; convert accepted rule to typed-port graph grammar production after human review
0.5267595983680777,motif:proxy:orbit_or_seal_field AND connected_components<=2 AND NOT_bad_trivial_e2e_chain,strict_contextual_independent_rule,strict_ingredient_plus_quality_plus_bad_avoid,orbit_seal,"[{'name': 'motif:proxy:orbit_or_seal_field', 'feature': 'motif:proxy:orbit_or_seal_field', 'op': 'has', 'value': True, 'kind': 'strict_positive_ingredient'}, {'name': 'connected_components<=2', 'feature': 'connected_components', 'op': '<=', 'value': 2.0, 'kind': 'quality_context'}, {'name': 'NOT_bad_trivial_e2e_chain', 'feature': 'bad_subtype:bad_trivial_e2e_chain', 'op': 'not', 'value': True, 'kind': 'bad_avoid_context'}]",221,905,187,6,0.4077490774907749,0.22859307906036877,0.5137362637362637,0.046875,0.19626998223801065,1.7837332537935668,allowed but penalized; this rule is valid only with listed context/avoid constraints,0.9630304428044281,0.86,1.0,production: sample_topology_motif(); bind_typed_ports(); apply_nonmechanical_geometry_mutation(),1.0,"['bad_subtype:bad_trivial_e2e_chain', 'connected_components', 'motif:proxy:orbit_or_seal_field']",,0.0,,0.0,False,V4 strict candidate; convert accepted rule to typed-port graph grammar production after human review
0.5267595983680777,"motif:proxy:orbit_or_seal_field AND connected_components_between[1,2] AND NOT_bad_trivial_e2e_chain",strict_contextual_independent_rule,strict_ingredient_plus_quality_plus_bad_avoid,orbit_seal,"[{'name': 'motif:proxy:orbit_or_seal_field', 'feature': 'motif:proxy:orbit_or_seal_field', 'op': 'has', 'value': True, 'kind': 'strict_positive_ingredient'}, {'name': 'connected_components_between[1,2]', 'feature': 'connected_components', 'op': 'between', 'value': [1.0, 2.0], 'kind': 'quality_context'}, {'name': 'NOT_bad_trivial_e2e_chain', 'feature': 'bad_subtype:bad_trivial_e2e_chain', 'op': 'not', 'value': True, 'kind': 'bad_avoid_context'}]",221,905,187,6,0.4077490774907749,0.22859307906036877,0.5137362637362637,0.046875,0.19626998223801065,1.7837332537935668,allowed but penalized; this rule is valid only with listed context/avoid constraints,0.9630304428044281,0.86,1.0,production: sample_topology_motif(); bind_typed_ports(); apply_nonmechanical_geometry_mutation(),1.0,"['bad_subtype:bad_trivial_e2e_chain', 'connected_components', 'motif:proxy:orbit_or_seal_field']",,0.0,,0.0,False,V4 strict candidate; convert accepted rule to typed-port graph grammar production after human review
0.5251401540270859,motif:proxy:orbit_or_seal_field AND min_length>=63.6697 AND NOT_bad_trivial_e2e_chain,strict_contextual_independent_rule,strict_ingredient_plus_quality_plus_bad_avoid,orbit_seal,"[{'name': 'motif:proxy:orbit_or_seal_field', 'feature': 'motif:proxy:orbit_or_seal_field', 'op': 'has', 'value': True, 'kind': 'strict_positive_ingredient'}, {'name': 'min_length>=63.6697', 'feature': 'min_length', 'op': '>=', 'value': 63.669656, 'kind': 'quality_context'}, {'name': 'NOT_bad_trivial_e2e_chain', 'feature': 'bad_subtype:bad_trivial_e2e_chain', 'op': 'not', 'value': True, 'kind': 'bad_avoid_context'}]",127,356,125,5,0.23431734317343172,0.08992169739833292,0.3434065934065934,0.0390625,0.2629399585921325,2.6057931327704527,allowed but penalized; this rule is valid only with listed context/avoid constraints,0.8112776752767528,0.86,1.0,production: sample_topology_motif(); bind_typed_ports(); apply_nonmechanical_geometry_mutation(),1.0,"['bad_subtype:bad_trivial_e2e_chain', 'min_length', 'motif:proxy:orbit_or_seal_field']",,0.0,,0.0,False,V4 strict candidate; convert accepted rule to typed-port graph grammar production after human review
0.5249800771181393,motif:proxy:orbit_or_seal_field AND connected_components>=1 AND NOT_bad_floating_or_multicomponent,strict_contextual_independent_rule,strict_ingredient_plus_quality_plus_bad_avoid,orbit_seal,"[{'name': 'motif:proxy:orbit_or_seal_field', 'feature': 'motif:proxy:orbit_or_seal_field', 'op': 'has', 'value': True, 'kind': 'strict_positive_ingredient'}, {'name': 'connected_components>=1', 'feature': 'connected_components', 'op': '>=', 'value': 1.0, 'kind': 'quality_context'}, {'name': 'NOT_bad_floating_or_multicomponent', 'feature': 'bad_subtype:bad_floating_or_multicomponent', 'op': 'not', 'value': True, 'kind': 'bad_avoid_context'}]",217,867,162,6,0.4003690036900369,0.21899469563020965,0.44505494505494503,0.046875,0.20018450184501846,1.8282132437485121,allowed but penalized; this rule is valid only with listed context/avoid constraints,0.9565728782287823,0.86,1.0,production: sample_topology_motif(); bind_typed_ports(); apply_nonmechanical_geometry_mutation(),1.0,"['bad_subtype:bad_floating_or_multicomponent', 'connected_components', 'motif:proxy:orbit_or_seal_field']",,0.0,,0.0,False,V4 strict candidate; convert accepted rule to typed-port graph grammar production after human review
0.5249800771181393,motif:proxy:orbit_or_seal_field AND connected_components<=1 AND NOT_bad_floating_or_multicomponent,strict_contextual_independent_rule,strict_ingredient_plus_quality_plus_bad_avoid,orbit_seal,"[{'name': 'motif:proxy:orbit_or_seal_field', 'feature': 'motif:proxy:orbit_or_seal_field', 'op': 'has', 'value': True, 'kind': 'strict_positive_ingredient'}, {'name': 'connected_components<=1', 'feature': 'connected_components', 'op': '<=', 'value': 1.0, 'kind': 'quality_context'}, {'name': 'NOT_bad_floating_or_multicomponent', 'feature': 'bad_subtype:bad_floating_or_multicomponent', 'op': 'not', 'value': True, 'kind': 'bad_avoid_context'}]",217,867,162,6,0.4003690036900369,0.21899469563020965,0.44505494505494503,0.046875,0.20018450184501846,1.8282132437485121,allowed but penalized; this rule is valid only with listed context/avoid constraints,0.9565728782287823,0.86,1.0,production: sample_topology_motif(); bind_typed_ports(); apply_nonmechanical_geometry_mutation(),1.0,"['bad_subtype:bad_floating_or_multicomponent', 'connected_components', 'motif:proxy:orbit_or_seal_field']",,0.0,,0.0,False,V4 strict candidate; convert accepted rule to typed-port graph grammar production after human review
0.5249800771181393,motif:proxy:orbit_or_seal_field AND connected_components<=1 AND NOT_bad_low_context_cycle,strict_contextual_independent_rule,strict_ingredient_plus_quality_plus_bad_avoid,orbit_seal,"[{'name': 'motif:proxy:orbit_or_seal_field', 'feature': 'motif:proxy:orbit_or_seal_field', 'op': 'has', 'value': True, 'kind': 'strict_positive_ingredient'}, {'name': 'connected_components<=1', 'feature': 'connected_components', 'op': '<=', 'value': 1.0, 'kind': 'quality_context'}, {'name': 'NOT_bad_low_context_cycle', 'feature': 'bad_subtype:bad_low_context_cycle', 'op': 'not', 'value': True, 'kind': 'bad_avoid_context'}]",217,867,162,6,0.4003690036900369,0.21899469563020965,0.44505494505494503,0.046875,0.20018450184501846,1.8282132437485121,allowed but penalized; this rule is valid only with listed context/avoid constraints,0.9565728782287823,0.86,1.0,production: sample_topology_motif(); bind_typed_ports(); apply_nonmechanical_geometry_mutation(),1.0,"['bad_subtype:bad_low_context_cycle', 'connected_components', 'motif:proxy:orbit_or_seal_field']",,0.0,,0.0,False,V4 strict candidate; convert accepted rule to typed-port graph grammar production after human review
0.5249800771181393,motif:proxy:orbit_or_seal_field AND connected_components<=1 AND NOT_bad_unbalanced_multicomponent,strict_contextual_independent_rule,strict_ingredient_plus_quality_plus_bad_avoid,orbit_seal,"[{'name': 'motif:proxy:orbit_or_seal_field', 'feature': 'motif:proxy:orbit_or_seal_field', 'op': 'has', 'value': True, 'kind': 'strict_positive_ingredient'}, {'name': 'connected_components<=1', 'feature': 'connected_components', 'op': '<=', 'value': 1.0, 'kind': 'quality_context'}, {'name': 'NOT_bad_unbalanced_multicomponent', 'feature': 'bad_subtype:bad_unbalanced_multicomponent', 'op': 'not', 'value': True, 'kind': 'bad_avoid_context'}]",217,867,162,6,0.4003690036900369,0.21899469563020965,0.44505494505494503,0.046875,0.20018450184501846,1.8282132437485121,allowed but penalized; this rule is valid only with listed context/avoid constraints,0.9565728782287823,0.86,1.0,production: sample_topology_motif(); bind_typed_ports(); apply_nonmechanical_geometry_mutation(),1.0,"['bad_subtype:bad_unbalanced_multicomponent', 'connected_components', 'motif:proxy:orbit_or_seal_field']",,0.0,,0.0,False,V4 strict candidate; convert accepted rule to typed-port graph grammar production after human review
0.5249800771181393,motif:proxy:orbit_or_seal_field AND connected_components<=1 AND NOT_bad_no_structural_field,strict_contextual_independent_rule,strict_ingredient_plus_quality_plus_bad_avoid,orbit_seal,"[{'name': 'motif:proxy:orbit_or_seal_field', 'feature': 'motif:proxy:orbit_or_seal_field', 'op': 'has', 'value': True, 'kind': 'strict_positive_ingredient'}, {'name': 'connected_components<=1', 'feature': 'connected_components', 'op': '<=', 'value': 1.0, 'kind': 'quality_context'}, {'name': 'NOT_bad_no_structural_field', 'feature': 'bad_subtype:bad_no_structural_field', 'op': 'not', 'value': True, 'kind': 'bad_avoid_context'}]",217,867,162,6,0.4003690036900369,0.21899469563020965,0.44505494505494503,0.046875,0.20018450184501846,1.8282132437485121,allowed but penalized; this rule is valid only with listed context/avoid constraints,0.9565728782287823,0.86,1.0,production: sample_topology_motif(); bind_typed_ports(); apply_nonmechanical_geometry_mutation(),1.0,"['bad_subtype:bad_no_structural_field', 'connected_components', 'motif:proxy:orbit_or_seal_field']",,0.0,,0.0,False,V4 strict candidate; convert accepted rule to typed-port graph grammar production after human review
0.5249800771181393,motif:proxy:orbit_or_seal_field AND connected_components<=2 AND NOT_bad_floating_or_multicomponent,strict_contextual_independent_rule,strict_ingredient_plus_quality_plus_bad_avoid,orbit_seal,"[{'name': 'motif:proxy:orbit_or_seal_field', 'feature': 'motif:proxy:orbit_or_seal_field', 'op': 'has', 'value': True, 'kind': 'strict_positive_ingredient'}, {'name': 'connected_components<=2', 'feature': 'connected_components', 'op': '<=', 'value': 2.0, 'kind': 'quality_context'}, {'name': 'NOT_bad_floating_or_multicomponent', 'feature': 'bad_subtype:bad_floating_or_multicomponent', 'op': 'not', 'value': True, 'kind': 'bad_avoid_context'}]",217,867,162,6,0.4003690036900369,0.21899469563020965,0.44505494505494503,0.046875,0.20018450184501846,1.8282132437485121,allowed but penalized; this rule is valid only with listed context/avoid constraints,0.9565728782287823,0.86,1.0,production: sample_topology_motif(); bind_typed_ports(); apply_nonmechanical_geometry_mutation(),1.0,"['bad_subtype:bad_floating_or_multicomponent', 'connected_components', 'motif:proxy:orbit_or_seal_field']",,0.0,,0.0,False,V4 strict candidate; convert accepted rule to typed-port graph grammar production after human review
0.5249800771181393,"motif:proxy:orbit_or_seal_field AND connected_components_between[1,2] AND NOT_bad_floating_or_multicomponent",strict_contextual_independent_rule,strict_ingredient_plus_quality_plus_bad_avoid,orbit_seal,"[{'name': 'motif:proxy:orbit_or_seal_field', 'feature': 'motif:proxy:orbit_or_seal_field', 'op': 'has', 'value': True, 'kind': 'strict_positive_ingredient'}, {'name': 'connected_components_between[1,2]', 'feature': 'connected_components', 'op': 'between', 'value': [1.0, 2.0], 'kind': 'quality_context'}, {'name': 'NOT_bad_floating_or_multicomponent', 'feature': 'bad_subtype:bad_floating_or_multicomponent', 'op': 'not', 'value': True, 'kind': 'bad_avoid_context'}]",217,867,162,6,0.4003690036900369,0.21899469563020965,0.44505494505494503,0.046875,0.20018450184501846,1.8282132437485121,allowed but penalized; this rule is valid only with listed context/avoid constraints,0.9565728782287823,0.86,1.0,production: sample_topology_motif(); bind_typed_ports(); apply_nonmechanical_geometry_mutation(),1.0,"['bad_subtype:bad_floating_or_multicomponent', 'connected_components', 'motif:proxy:orbit_or_seal_field']",,0.0,,0.0,False,V4 strict candidate; convert accepted rule to typed-port graph grammar production after human review
0.5245026949540974,motif:proxy:orbit_or_seal_field AND connected_components>=1 AND NOT_bad_trivial_e2e_chain,strict_contextual_independent_rule,strict_ingredient_plus_quality_plus_bad_avoid,orbit_seal,"[{'name': 'motif:proxy:orbit_or_seal_field', 'feature': 'motif:proxy:orbit_or_seal_field', 'op': 'has', 'value': True, 'kind': 'strict_positive_ingredient'}, {'name': 'connected_components>=1', 'feature': 'connected_components', 'op': '>=', 'value': 1.0, 'kind': 'quality_context'}, {'name': 'NOT_bad_trivial_e2e_chain', 'feature': 'bad_subtype:bad_trivial_e2e_chain', 'op': 'not', 'value': True, 'kind': 'bad_avoid_context'}]",221,922,189,6,0.4077490774907749,0.23288709270017682,0.5192307692307693,0.046875,0.19335083114610674,1.7508444629212414,allowed but penalized; this rule is valid only with listed context/avoid constraints,0.9630304428044281,0.86,1.0,production: sample_topology_motif(); bind_typed_ports(); apply_nonmechanical_geometry_mutation(),1.0,"['bad_subtype:bad_trivial_e2e_chain', 'connected_components', 'motif:proxy:orbit_or_seal_field']",,0.0,,0.0,False,V4 strict candidate; convert accepted rule to typed-port graph grammar production after human review
0.5236934478854343,motif:proxy:orbit_or_seal_field AND connected_components<=1 AND NOT_bad_overdense_cross_fragment,strict_contextual_independent_rule,strict_ingredient_plus_quality_plus_bad_avoid,orbit_seal,"[{'name': 'motif:proxy:orbit_or_seal_field', 'feature': 'motif:proxy:orbit_or_seal_field', 'op': 'has', 'value': True, 'kind': 'strict_positive_ingredient'}, {'name': 'connected_components<=1', 'feature': 'connected_components', 'op': '<=', 'value': 1.0, 'kind': 'quality_context'}, {'name': 'NOT_bad_overdense_cross_fragment', 'feature': 'bad_subtype:bad_overdense_cross_fragment', 'op': 'not', 'value': True, 'kind': 'bad_avoid_context'}]",214,853,157,6,0.3948339483394834,0.2154584491033089,0.43131868131868134,0.046875,0.20056232427366447,1.8325294234232483,allowed but penalized; this rule is valid only with listed context/avoid constraints,0.9517297047970479,0.86,1.0,production: sample_topology_motif(); bind_typed_ports(); apply_nonmechanical_geometry_mutation(),1.0,"['bad_subtype:bad_overdense_cross_fragment', 'connected_components', 'motif:proxy:orbit_or_seal_field']",,0.0,,0.0,False,V4 strict candidate; convert accepted rule to typed-port graph grammar production after human review
0.523420300044302,motif:proxy:orbit_or_seal_field AND connected_components<=2 AND NOT_bad_unbalanced_multicomponent,strict_contextual_independent_rule,strict_ingredient_plus_quality_plus_bad_avoid,orbit_seal,"[{'name': 'motif:proxy:orbit_or_seal_field', 'feature': 'motif:proxy:orbit_or_seal_field', 'op': 'has', 'value': True, 'kind': 'strict_positive_ingredient'}, {'name': 'connected_components<=2', 'feature': 'connected_components', 'op': '<=', 'value': 2.0, 'kind': 'quality_context'}, {'name': 'NOT_bad_unbalanced_multicomponent', 'feature': 'bad_subtype:bad_unbalanced_multicomponent', 'op': 'not', 'value': True, 'kind': 'bad_avoid_context'}]",229,973,187,6,0.4225092250922509,0.2457691336196009,0.5137362637362637,0.046875,0.19051580698835274,1.7191305439806617,allowed but penalized; this rule is valid only with listed context/avoid constraints,0.9759455719557195,0.86,1.0,production: sample_topology_motif(); bind_typed_ports(); apply_nonmechanical_geometry_mutation(),1.0,"['bad_subtype:bad_unbalanced_multicomponent', 'connected_components', 'motif:proxy:orbit_or_seal_field']",,0.0,,0.0,False,V4 strict candidate; convert accepted rule to typed-port graph grammar production after human review
0.523420300044302,"motif:proxy:orbit_or_seal_field AND connected_components_between[1,2] AND NOT_bad_unbalanced_multicomponent",strict_contextual_independent_rule,strict_ingredient_plus_quality_plus_bad_avoid,orbit_seal,"[{'name': 'motif:proxy:orbit_or_seal_field', 'feature': 'motif:proxy:orbit_or_seal_field', 'op': 'has', 'value': True, 'kind': 'strict_positive_ingredient'}, {'name': 'connected_components_between[1,2]', 'feature': 'connected_components', 'op': 'between', 'value': [1.0, 2.0], 'kind': 'quality_context'}, {'name': 'NOT_bad_unbalanced_multicomponent', 'feature': 'bad_subtype:bad_unbalanced_multicomponent', 'op': 'not', 'value': True, 'kind': 'bad_avoid_context'}]",229,973,187,6,0.4225092250922509,0.2457691336196009,0.5137362637362637,0.046875,0.19051580698835274,1.7191305439806617,allowed but penalized; this rule is valid only with listed context/avoid constraints,0.9759455719557195,0.86,1.0,production: sample_topology_motif(); bind_typed_ports(); apply_nonmechanical_geometry_mutation(),1.0,"['bad_subtype:bad_unbalanced_multicomponent', 'connected_components', 'motif:proxy:orbit_or_seal_field']",,0.0,,0.0,False,V4 strict candidate; convert accepted rule to typed-port graph grammar production after human review
0.5217756478168983,motif:proxy:orbit_or_seal_field AND connected_components<=2 AND NOT_bad_low_context_cycle,strict_contextual_independent_rule,strict_ingredient_plus_quality_plus_bad_avoid,orbit_seal,"[{'name': 'motif:proxy:orbit_or_seal_field', 'feature': 'motif:proxy:orbit_or_seal_field', 'op': 'has', 'value': True, 'kind': 'strict_positive_ingredient'}, {'name': 'connected_components<=2', 'feature': 'connected_components', 'op': '<=', 'value': 2.0, 'kind': 'quality_context'}, {'name': 'NOT_bad_low_context_cycle', 'feature': 'bad_subtype:bad_low_context_cycle', 'op': 'not', 'value': True, 'kind': 'bad_avoid_context'}]",229,984,187,6,0.4225092250922509,0.24854761303359435,0.5137362637362637,0.046875,0.18878812860676009,1.6999126213102311,allowed but penalized; this rule is valid only with listed context/avoid constraints,0.9759455719557195,0.86,1.0,production: sample_topology_motif(); bind_typed_ports(); apply_nonmechanical_geometry_mutation(),1.0,"['bad_subtype:bad_low_context_cycle', 'connected_components', 'motif:proxy:orbit_or_seal_field']",,0.0,,0.0,False,V4 strict candidate; convert accepted rule to typed-port graph grammar production after human review
0.5217756478168983,motif:proxy:orbit_or_seal_field AND connected_components<=2 AND NOT_bad_no_structural_field,strict_contextual_independent_rule,strict_ingredient_plus_quality_plus_bad_avoid,orbit_seal,"[{'name': 'motif:proxy:orbit_or_seal_field', 'feature': 'motif:proxy:orbit_or_seal_field', 'op': 'has', 'value': True, 'kind': 'strict_positive_ingredient'}, {'name': 'connected_components<=2', 'feature': 'connected_components', 'op': '<=', 'value': 2.0, 'kind': 'quality_context'}, {'name': 'NOT_bad_no_structural_field', 'feature': 'bad_subtype:bad_no_structural_field', 'op': 'not', 'value': True, 'kind': 'bad_avoid_context'}]",229,984,187,6,0.4225092250922509,0.24854761303359435,0.5137362637362637,0.046875,0.18878812860676009,1.6999126213102311,allowed but penalized; this rule is valid only with listed context/avoid constraints,0.9759455719557195,0.86,1.0,production: sample_topology_motif(); bind_typed_ports(); apply_nonmechanical_geometry_mutation(),1.0,"['bad_subtype:bad_no_structural_field', 'connected_components', 'motif:proxy:orbit_or_seal_field']",,0.0,,0.0,False,V4 strict candidate; convert accepted rule to typed-port graph grammar production after human review
0.5217756478168983,"motif:proxy:orbit_or_seal_field AND connected_components_between[1,2] AND NOT_bad_low_context_cycle",strict_contextual_independent_rule,strict_ingredient_plus_quality_plus_bad_avoid,orbit_seal,"[{'name': 'motif:proxy:orbit_or_seal_field', 'feature': 'motif:proxy:orbit_or_seal_field', 'op': 'has', 'value': True, 'kind': 'strict_positive_ingredient'}, {'name': 'connected_components_between[1,2]', 'feature': 'connected_components', 'op': 'between', 'value': [1.0, 2.0], 'kind': 'quality_context'}, {'name': 'NOT_bad_low_context_cycle', 'feature': 'bad_subtype:bad_low_context_cycle', 'op': 'not', 'value': True, 'kind': 'bad_avoid_context'}]",229,984,187,6,0.4225092250922509,0.24854761303359435,0.5137362637362637,0.046875,0.18878812860676009,1.6999126213102311,allowed but penalized; this rule is valid only with listed context/avoid constraints,0.9759455719557195,0.86,1.0,production: sample_topology_motif(); bind_typed_ports(); apply_nonmechanical_geometry_mutation(),1.0,"['bad_subtype:bad_low_context_cycle', 'connected_components', 'motif:proxy:orbit_or_seal_field']",,0.0,,0.0,False,V4 strict candidate; convert accepted rule to typed-port graph grammar production after human review
0.5217756478168983,"motif:proxy:orbit_or_seal_field AND connected_components_between[1,2] AND NOT_bad_no_structural_field",strict_contextual_independent_rule,strict_ingredient_plus_quality_plus_bad_avoid,orbit_seal,"[{'name': 'motif:proxy:orbit_or_seal_field', 'feature': 'motif:proxy:orbit_or_seal_field', 'op': 'has', 'value': True, 'kind': 'strict_positive_ingredient'}, {'name': 'connected_components_between[1,2]', 'feature': 'connected_components', 'op': 'between', 'value': [1.0, 2.0], 'kind': 'quality_context'}, {'name': 'NOT_bad_no_structural_field', 'feature': 'bad_subtype:bad_no_structural_field', 'op': 'not', 'value': True, 'kind': 'bad_avoid_context'}]",229,984,187,6,0.4225092250922509,0.24854761303359435,0.5137362637362637,0.046875,0.18878812860676009,1.6999126213102311,allowed but penalized; this rule is valid only with listed context/avoid constraints,0.9759455719557195,0.86,1.0,production: sample_topology_motif(); bind_typed_ports(); apply_nonmechanical_geometry_mutation(),1.0,"['bad_subtype:bad_no_structural_field', 'connected_components', 'motif:proxy:orbit_or_seal_field']",,0.0,,0.0,False,V4 strict candidate; convert accepted rule to typed-port graph grammar production after human review
0.5213596058390458,motif:proxy:orbit_or_seal_field AND connected_components>=1 AND NOT_bad_unbalanced_multicomponent,strict_contextual_independent_rule,strict_ingredient_plus_quality_plus_bad_avoid,orbit_seal,"[{'name': 'motif:proxy:orbit_or_seal_field', 'feature': 'motif:proxy:orbit_or_seal_field', 'op': 'has', 'value': True, 'kind': 'strict_positive_ingredient'}, {'name': 'connected_components>=1', 'feature': 'connected_components', 'op': '>=', 'value': 1.0, 'kind': 'quality_context'}, {'name': 'NOT_bad_unbalanced_multicomponent', 'feature': 'bad_subtype:bad_unbalanced_multicomponent', 'op': 'not', 'value': True, 'kind': 'bad_avoid_context'}]",229,989,189,6,0.4225092250922509,0.24981055822177317,0.5192307692307693,0.046875,0.18801313628899835,1.6913185231580299,allowed but penalized; this rule is valid only with listed context/avoid constraints,0.9759455719557195,0.86,1.0,production: sample_topology_motif(); bind_typed_ports(); apply_nonmechanical_geometry_mutation(),1.0,"['bad_subtype:bad_unbalanced_multicomponent', 'connected_components', 'motif:proxy:orbit_or_seal_field']",,0.0,,0.0,False,V4 strict candidate; convert accepted rule to typed-port graph grammar production after human review
0.521201532372781,motif:proxy:orbit_or_seal_field AND connected_components<=2 AND NOT_bad_overdense_cross_fragment,strict_contextual_independent_rule,strict_ingredient_plus_quality_plus_bad_avoid,orbit_seal,"[{'name': 'motif:proxy:orbit_or_seal_field', 'feature': 'motif:proxy:orbit_or_seal_field', 'op': 'has', 'value': True, 'kind': 'strict_positive_ingredient'}, {'name': 'connected_components<=2', 'feature': 'connected_components', 'op': '<=', 'value': 2.0, 'kind': 'quality_context'}, {'name': 'NOT_bad_overdense_cross_fragment', 'feature': 'bad_subtype:bad_overdense_cross_fragment', 'op': 'not', 'value': True, 'kind': 'bad_avoid_context'}]",226,965,182,6,0.41697416974169743,0.24374842131851476,0.5,0.046875,0.1897565071368598,1.7106743369884152,allowed but penalized; this rule is valid only with listed context/avoid constraints,0.9711023985239853,0.86,1.0,production: sample_topology_motif(); bind_typed_ports(); apply_nonmechanical_geometry_mutation(),1.0,"['bad_subtype:bad_overdense_cross_fragment', 'connected_components', 'motif:proxy:orbit_or_seal_field']",,0.0,,0.0,False,V4 strict candidate; convert accepted rule to typed-port graph grammar production after human review
0.521201532372781,"motif:proxy:orbit_or_seal_field AND connected_components_between[1,2] AND NOT_bad_overdense_cross_fragment",strict_contextual_independent_rule,strict_ingredient_plus_quality_plus_bad_avoid,orbit_seal,"[{'name': 'motif:proxy:orbit_or_seal_field', 'feature': 'motif:proxy:orbit_or_seal_field', 'op': 'has', 'value': True, 'kind': 'strict_positive_ingredient'}, {'name': 'connected_components_between[1,2]', 'feature': 'connected_components', 'op': 'between', 'value': [1.0, 2.0], 'kind': 'quality_context'}, {'name': 'NOT_bad_overdense_cross_fragment', 'feature': 'bad_subtype:bad_overdense_cross_fragment', 'op': 'not', 'value': True, 'kind': 'bad_avoid_context'}]",226,965,182,6,0.41697416974169743,0.24374842131851476,0.5,0.046875,0.1897565071368598,1.7106743369884152,allowed but penalized; this rule is valid only with listed context/avoid constraints,0.9711023985239853,0.86,1.0,production: sample_topology_motif(); bind_typed_ports(); apply_nonmechanical_geometry_mutation(),1.0,"['bad_subtype:bad_overdense_cross_fragment', 'connected_components', 'motif:proxy:orbit_or_seal_field']",,0.0,,0.0,False,V4 strict candidate; convert accepted rule to typed-port graph grammar production after human review
0.5210929242604895,motif:proxy:orbit_or_seal_field AND stroke_count<=7 AND NOT_bad_trivial_e2e_chain,strict_contextual_independent_rule,strict_ingredient_plus_quality_plus_bad_avoid,orbit_seal,"[{'name': 'motif:proxy:orbit_or_seal_field', 'feature': 'motif:proxy:orbit_or_seal_field', 'op': 'has', 'value': True, 'kind': 'strict_positive_ingredient'}, {'name': 'stroke_count<=7', 'feature': 'stroke_count', 'op': '<=', 'value': 7.0, 'kind': 'quality_context'}, {'name': 'NOT_bad_trivial_e2e_chain', 'feature': 'bad_subtype:bad_trivial_e2e_chain', 'op': 'not', 'value': True, 'kind': 'bad_avoid_context'}]",183,631,172,6,0.3376383763837638,0.15938368274816872,0.4725274725274725,0.046875,0.22481572481572482,2.1183998853812613,allowed but penalized; this rule is valid only with listed context/avoid constraints,0.9016835793357934,0.86,0.6666666666666666,production: sample_topology_motif(); bind_typed_ports(); apply_nonmechanical_geometry_mutation(),1.0,"['bad_subtype:bad_trivial_e2e_chain', 'motif:proxy:orbit_or_seal_field', 'stroke_count']",,0.0,,0.0,False,V4 strict candidate; convert accepted rule to typed-port graph grammar production after human review
